commodity,curval_total_exported,curval_total_imported,state,tmiles_total_exported,tmiles_total_imported,tons_total_exported,tons_total_imported,value_total_exported,value_total_imported
Articles-base metal,140.4038,107.8819,Alabama,47.7391,10.6039,54.42190000000001,13.068,140.2519,107.7704
Basic chemicals,346.4,346.4,Alabama,107.1525,107.1525,1274.9438,1274.9438,377.5759,377.5759
Chemical prods.,8.6717,1.1684999999999999,Alabama,7.3418,0.00030000000000000003,17.0668,0.00030000000000000003,8.7377,1.1772
Coal-n.e.c.,,4.4288,Alabama,,26.2988,,92.3246,,4.4595
Crude petroleum,11.849499999999999,27.9371,Alabama,4.9411000000000005,67.5836,23.0359,60.4908,14.728,34.7234
Electronics,0.1563,119.88929999999999,Alabama,0.00030000000000000003,6.656,0.00030000000000000003,12.920200000000001,0.157,120.4951
Fertilizers,,16.957700000000003,Alabama,,18.8265,,20.6782,,17.8679
Furniture,6.468299999999999,2.7685000000000004,Alabama,1.1202,0.6101000000000001,2.2042,0.6701999999999999,6.3294,2.7111
Machinery,0.9151999999999999,75.878,Alabama,0.2399,1.4132,0.2227,1.4613,0.8934000000000001,74.0504
Milled grain prods.,65.9345,7.1786,Alabama,5.9909,0.00030000000000000003,8.700700000000001,0.00030000000000000003,64.9889,7.0758
Misc. mfg. prods.,20.8484,6.4981,Alabama,0.2653,1.6177000000000001,1.0255,1.4628999999999999,20.5004,6.389900000000001
Motorized vehicles,6.9822,6.3744,Alabama,0.10930000000000001,0.0353,0.3075,0.0909,6.8184000000000005,6.225
Nonmetal min. prods.,514.7394999999999,514.7394999999999,Alabama,39.2358,39.2358,1816.5013,1816.5013,485.70669999999996,485.70669999999996
Nonmetallic minerals,,6.4174,Alabama,,2.6661,,3.8448,,6.0274
Other foodstuffs,,88.476,Alabama,,26.964399999999998,,30.372300000000003,,85.8302
Paper articles,,19.4116,Alabama,,13.3351,,6.5362,,18.8868
Pharmaceuticals,99.60329999999999,49.0952,Alabama,0.0,1.483,0.00030000000000000003,6.1959,88.6942,43.6677
Plastics/rubber,271.0775,0.9548000000000001,Alabama,85.7338,0.044500000000000005,102.40509999999999,0.0555,267.4825,0.9414
Printed prods.,0.7885,0.6409,Alabama,0.061399999999999996,0.0804,0.16899999999999998,0.0958,0.7848999999999999,0.6379999999999999
Textiles/leather,,3.1300999999999997,Alabama,,0.3023,,0.37459999999999993,,3.0658000000000003
Wood prods.,12.5668,2.3424,Alabama,11.0335,4.7697,13.1875,1.7056,11.5063,2.144
Furniture,,1.3666,Alaska,,1.1610999999999998,,0.3304,,1.3373
Machinery,,1.2856,Alaska,,1.8471000000000002,,0.461,,1.2545
Plastics/rubber,,18.8105,Alaska,,19.8009,,7.9297,,18.5612
Alcoholic beverages,,1.6756,Arizona,,1.9960999999999998,,1.8518,,1.6353000000000002
Articles-base metal,49.2756,0.1248,Arizona,1.1768999999999998,0.45530000000000004,0.7509999999999999,0.4056,49.224999999999994,0.1246
Chemical prods.,,74.04979999999999,Arizona,,17.6168,,9.4203,,74.6187
Furniture,,4.1353,Arizona,,1.4269,,0.6729,,4.0474
Gasoline,,105.1797,Arizona,,29.799200000000003,,126.9952,,129.9485
Misc. mfg. prods.,1.3059,66.5282,Arizona,0.00030000000000000003,15.919800000000002,0.00030000000000000003,8.1263,1.2837999999999998,65.43220000000001
Motorized vehicles,0.2605,2.4164,Arizona,0.1192,1.3998,0.0467,2.0930999999999997,0.2541,2.3594000000000004
Plastics/rubber,,1.1561,Arizona,,0.8594,,0.5541,,1.1397
Printed prods.,0.49379999999999996,0.9915999999999999,Arizona,0.1979,0.5306,0.12409999999999999,0.2541,0.49150000000000005,0.9872000000000001
Textiles/leather,,88.3241,Arizona,,30.573999999999998,,15.699300000000001,,86.52590000000001
Transport equip.,59.4754,13.5502,Arizona,0.0009,0.772,0.00030000000000000003,0.39159999999999995,57.4953,13.0975
Wood prods.,1.2534,8.9291,Arizona,1.763,7.5148,1.2782,16.7892,1.1474,8.1721
Alcoholic beverages,3208.2554,2064.5236,California,2493.7865,274.1301,1564.1082999999999,550.0979,3131.4044999999996,2015.0048
Articles-base metal,1.5103,7.0621,California,0.0006000000000000001,3.1338,0.00030000000000000003,1.0221,1.5088,7.0552
Base metals,1424.8597,1433.8226,California,26.1282,55.9187,716.1935,728.2222,1543.7519,1553.5339999999999
Chemical prods.,68.56580000000001,0.5312999999999999,California,31.8196,0.7263000000000001,12.4993,0.2335,69.0921,0.5352999999999999
Electronics,1160.7408999999998,1575.2086,California,14.892599999999998,15.764299999999999,26.7366,27.9537,1166.4287,1582.944
Fertilizers,,9.7471,California,,4.689299999999999,,7.3276,,10.2947
Furniture,16.0732,262.5813,California,3.8947000000000003,51.330799999999996,4.5932,24.517300000000002,15.7266,257.0473
Gasoline,592.3808,592.3808,California,218.7171,218.7171,477.9964,477.9964,734.2896000000001,734.2896000000001
Machinery,1452.7938,1520.1336000000001,California,28.413899999999998,28.094399999999997,212.91520000000003,207.45770000000002,1417.6122,1483.3866
Meat/seafood,,2.4170999999999996,California,,0.0288,,0.0145,,2.2197999999999998
Misc. mfg. prods.,135.1885,28.987199999999998,California,44.1075,3.0777,18.4782,1.5514000000000001,132.9261,28.5063
Mixed freight,77.3489,1.5408,California,22.7012,1.7662,8.4916,0.7091000000000001,75.3125,1.5002999999999997
Motorized vehicles,15.952600000000002,108.9588,California,14.305600000000002,35.510000000000005,6.5704,17.9883,15.561200000000001,106.49790000000002
Nonmetal min. prods.,,1.3847,California,,0.40209999999999996,,0.16699999999999998,,1.3074
Other ag prods.,25.939700000000002,129.1529,California,100.88839999999999,258.713,56.822,237.65409999999997,25.825699999999998,128.6128
Other foodstuffs,1917.1395,0.7377,California,777.7031999999999,1.1672,996.2018,0.5787,1859.064,0.7156
Paper articles,122.51929999999999,0.7237,California,63.1053,0.7551000000000001,27.0903,0.30160000000000003,119.2048,0.7043
Pharmaceuticals,7.9049000000000005,317.4484,California,0.603,3.4305999999999996,0.2376,1.8469000000000002,7.0395,282.1659
Plastics/rubber,1.0455999999999999,53.806700000000006,California,0.14179999999999998,22.5714,0.4205,10.8474,1.0312999999999999,53.063900000000004
Precision instruments,338.2059,660.5257999999999,California,6.3591,31.6067,2.7105,10.1089,331.74269999999996,647.8679999999999
Printed prods.,175.839,133.0605,California,19.3127,14.0731,24.0428,22.4129,175.0314,132.44910000000002
Textiles/leather,220.637,40.4999,California,19.0793,2.7974,7.551900000000002,1.1124999999999998,216.0788,39.674
Wood prods.,12.943900000000001,42.310900000000004,California,2.2898,10.0008,0.7959,5.4005,11.8339,38.7704
Articles-base metal,,22.743000000000002,Colorado,,6.3227,,8.294999999999998,,22.7194
Base metals,,1.2507,Colorado,,0.5498000000000001,,0.4879,,1.3553000000000002
Electronics,2.7135,0.4401,Colorado,0.3474,0.07400000000000001,0.1982,0.032100000000000004,2.7269999999999994,0.44229999999999997
Machinery,,2.3236999999999997,Colorado,,1.1658,,0.9194,,2.2682
Mixed freight,,4.8668,Colorado,,1.4382,,1.2952,,4.7387
Motorized vehicles,231.07580000000002,139.017,Colorado,43.19670000000001,15.3407,53.1258,23.831899999999997,225.5879,135.7905
Newsprint/paper,,3.3880999999999997,Colorado,,0.5763,,0.6872,,3.2434000000000003
Nonmetal min. prods.,0.018000000000000002,11.694999999999999,Colorado,0.0006000000000000001,36.2726,0.0006000000000000001,47.802,0.0169,11.038400000000001
Paper articles,,5.923500000000001,Colorado,,7.501799999999999,,5.688000000000001,,5.7654
Pharmaceuticals,205.29500000000002,10.0247,Colorado,0.4787,0.7166999999999999,0.3591,0.5238999999999999,182.597,8.9439
Precision instruments,12.4831,3.0757,Colorado,0.1658,0.0762,0.4285,0.1073,12.2431,3.0172
Printed prods.,,5.5937,Colorado,,0.715,,0.8763000000000001,,5.5682
Textiles/leather,,0.5644,Colorado,,0.0517,,0.1129,,0.5529
Wood prods.,,1.0403,Colorado,,1.2850000000000001,,0.6679,,0.9523999999999999
Alcoholic beverages,2.9825,0.011800000000000001,Connecticut,7.059900000000001,0.0098,2.467,0.0092,2.9114000000000004,0.0115
Base metals,,569.7683,Connecticut,,633.8178,,780.3055,,617.5928
Basic chemicals,2.5598,0.7512,Connecticut,0.00030000000000000003,0.0,0.00030000000000000003,0.00030000000000000003,2.7686,0.8197
Chemical prods.,41.50790000000001,31.428400000000007,Connecticut,0.5706,0.5802,12.9751,12.9405,41.8223,31.667199999999994
Electronics,1.7366000000000001,2.5909,Connecticut,0.38210000000000005,0.1126,0.3798,0.2383,1.7449,2.6042
Furniture,,0.8996,Connecticut,,0.6682,,0.21739999999999998,,0.8798999999999999
Machinery,46.2836,3.2098,Connecticut,3.1993,0.6033,1.1419000000000001,1.0343,45.197300000000006,3.1304
Misc. mfg. prods.,58.4798,8.7226,Connecticut,2.3188999999999997,1.2962,1.7033999999999998,1.0372999999999999,57.523,8.5753
Mixed freight,12.1277,0.2344,Connecticut,1.8003999999999998,0.075,2.1337,0.0887,11.8092,0.2282
Motorized vehicles,0.049100000000000005,1.2113,Connecticut,0.043199999999999995,1.3468,0.008799999999999999,1.8322,0.0481,1.1815
Nonmetal min. prods.,,184.4253,Connecticut,,38.2972,,695.3357,,173.5463
Paper articles,1.7598,1.1597,Connecticut,1.5467,0.5445,1.0726,0.5117,1.7123,1.1284
Plastics/rubber,4.04,5.9803999999999995,Connecticut,2.3455,0.1483,1.9390999999999998,0.7052,3.9829,5.900399999999999
Printed prods.,26.7844,0.0678,Connecticut,3.5931,0.0858,3.2468999999999997,0.1144,26.6614,0.06760000000000001
Textiles/leather,33.9397,444.1773999999999,Connecticut,0.33540000000000003,7.1405,0.25880000000000003,6.1777,33.2483,435.07890000000003
Transport equip.,,23.0275,Connecticut,,0.5351,,0.3468,,22.2455
Wood prods.,,11.8427,Connecticut,,0.2182,,0.0727,,10.8265
Chemical prods.,,11.2372,Delaware,,0.011699999999999999,,0.026099999999999998,,11.322399999999998
Furniture,,0.37860000000000005,Delaware,,0.114,,0.0915,,0.3706
Misc. mfg. prods.,3.1506,34.300000000000004,Delaware,0.0924,3.1243,0.6665,3.2737,3.0977,33.727
Mixed freight,,124.2377,Delaware,,7.2734,,44.37120000000001,,120.94850000000001
Motorized vehicles,1.2415,0.1407,Delaware,0.077,0.052000000000000005,0.6069,0.0251,1.2128,0.1375
Pharmaceuticals,1.2081,10.914000000000001,Delaware,0.5155000000000001,0.0,0.49970000000000003,0.0004,1.0748,9.7423
Plastics/rubber,,4.7759,Delaware,,0.04719999999999999,,0.3788,,4.707800000000001
Wood prods.,,53.116,Delaware,,14.8518,,217.6444,,48.61779999999999
Coal-n.e.c.,,34.3997,District of Columbia,,0.4936,,11.573899999999998,,34.7636
Furniture,,4.5957,District of Columbia,,0.8674000000000001,,1.5809,,4.4974
Misc. mfg. prods.,0.16149999999999998,1.7635,District of Columbia,0.0385,0.3114,0.0341,0.3731,0.1588,1.7336
Motorized vehicles,0.0581,0.08940000000000001,District of Columbia,0.0069,0.0368,0.0104,0.016,0.056799999999999996,0.08710000000000001
Paper articles,,65.6002,District of Columbia,,0.7827999999999999,,20.4894,,63.8266
Alcoholic beverages,3666.7857,3666.7857,Florida,36.4237,36.4237,2042.4098,2042.4098,3578.7024,3578.7024
Animal feed,,28.787599999999998,Florida,,48.3608,,17.174599999999998,,28.418300000000002
Articles-base metal,19.65,29.471200000000003,Florida,0.4823,32.231,0.3716,11.866099999999998,19.6296,29.440700000000003
Base metals,1.267,0.8137,Florida,0.12110000000000001,0.25170000000000003,0.4293,0.5824,1.3721,0.8808
Chemical prods.,,0.0405,Florida,,0.8582000000000001,,0.28459999999999996,,0.0408
Electronics,267.57939999999996,80.6524,Florida,20.5404,33.43869999999999,21.2583,28.2084,268.93870000000004,81.0451
Furniture,239.354,265.6583,Florida,5.586400000000001,10.9909,29.6449,32.922999999999995,234.2739,260.02
Machinery,69.21730000000001,7.685700000000001,Florida,7.5191,0.9363,3.9343999999999997,0.8994,67.5513,7.498900000000001
Meat/seafood,18.6417,74.936,Florida,3.3000999999999996,26.361200000000004,3.0099,16.2613,17.136899999999997,68.8629
Milled grain prods.,,102.7957,Florida,,26.5311,,27.432,,101.3229
Misc. mfg. prods.,8.449699999999998,33.5085,Florida,1.1578,3.1505000000000005,0.8312999999999999,2.414,8.307300000000001,32.961
Mixed freight,12.232599999999998,12.5608,Florida,0.7347,3.3262,0.6119,3.0700000000000003,11.9121,12.2307
Motorized vehicles,121.5285,118.4365,Florida,4.2133,7.046799999999999,3.2759,7.9961,118.6906,115.61409999999998
Newsprint/paper,,17.532,Florida,,50.80949999999999,,32.482,,16.7835
Other ag prods.,18.2096,8.2576,Florida,6.088800000000001,15.050300000000002,7.366099999999999,10.1546,18.1246,8.2352
Other foodstuffs,116.06909999999999,46.7373,Florida,145.4645,12.3392,174.6955,10.2593,112.605,45.328599999999994
Paper articles,37.168,236.31250000000003,Florida,0.0014,57.3099,0.0009,122.289,36.1597,229.97189999999998
Pharmaceuticals,837.5097999999999,834.2361,Florida,2.1867,1.018,5.6729,4.8972,745.2752,742.3657000000001
Plastics/rubber,31.2756,3.595,Florida,2.8800999999999997,1.6969,3.1894,0.8289,30.852600000000002,3.5445
Precision instruments,13.4558,66.1989,Florida,0.2515,2.2695,0.23600000000000002,3.0660000000000003,13.1974,64.9277
Printed prods.,6.5742,30.4341,Florida,1.2889,18.286299999999997,1.5335999999999999,14.796899999999999,6.543900000000001,30.294800000000002
Textiles/leather,,73.19369999999999,Florida,,2.8946999999999994,,2.719,,71.7093
Transport equip.,,3.2241000000000004,Florida,,0.2192,,0.1486,,3.1196
Waste/scrap,7.2775,2.8282,Florida,4.1589,0.3236,6.8809,2.6746,8.3476,3.2225
Wood prods.,10.4131,6.7408,Florida,14.589300000000001,1.9165,17.591800000000003,2.2159,9.5282,6.1701
Base metals,,408.62429999999995,Georgia,,124.80279999999999,,299.4073,,442.5796
Basic chemicals,,63.5984,Georgia,,29.3026,,40.2993,,69.1964
Electronics,,10.450500000000002,Georgia,,1.4493,,1.3301,,10.5014
Machinery,,15.1198,Georgia,,0.0042,,0.0050999999999999995,,14.7585
Misc. mfg. prods.,43.8873,22.7984,Georgia,1.1474,0.7152,1.4319,1.5098,43.153,22.4181
Mixed freight,67.99969999999999,8.1638,Georgia,1.8638000000000001,1.4082,1.0395,1.4254,66.2098,7.9495000000000005
Motorized vehicles,314.45760000000007,23.302400000000002,Georgia,32.10600000000001,14.1511,27.686300000000003,5.6558,306.99179999999996,22.7395
Newsprint/paper,37.1235,21.653,Georgia,38.3847,0.7998999999999999,38.0082,0.8846,35.538399999999996,20.7285
Nonmetal min. prods.,,16.4551,Georgia,,14.558300000000001,,13.125399999999999,,15.5248
Nonmetallic minerals,0.0289,35.1563,Georgia,17.3482,74.8713,17.6518,103.8487,0.027200000000000002,33.0272
Other foodstuffs,,659.0302999999999,Georgia,,318.3192,,370.4121,,638.7064
Paper articles,234.04380000000003,101.1587,Georgia,56.8288,48.2565,121.8639,20.053900000000002,227.76389999999998,98.42180000000002
Plastics/rubber,,1.1941000000000002,Georgia,,0.3503,,0.4113,,1.1772
Precision instruments,,28.1685,Georgia,,0.1412,,0.1792,,27.6293
Printed prods.,13.3378,26.5146,Georgia,1.6784999999999997,2.9809,2.219,3.0565999999999995,13.2767,26.3928
Textiles/leather,23.495199999999997,1.7519,Georgia,1.207,0.4464,0.5024,0.5843,23.0157,1.7162
Articles-base metal,,1.8189,Hawaii,,0.5147,,0.1441,,1.8167000000000002
Electronics,,4.3149999999999995,Hawaii,,2.4149000000000003,,0.5021,,4.3364
Furniture,0.5144,6.772200000000001,Hawaii,0.5663,4.1786,0.1244,1.6387999999999998,0.5037,6.6312
Meat/seafood,,0.0574,Hawaii,,0.0014,,0.00030000000000000003,,0.0527
Misc. mfg. prods.,0.0435,2.5956,Hawaii,0.0432,3.6066,0.0092,1.0068,0.042800000000000005,2.5523
Motorized vehicles,0.1938,0.2202,Hawaii,0.1228,0.1256,0.0344,0.03949999999999999,0.1891,0.2151
Paper articles,2.1101,2.1101,Hawaii,0.0093,0.0093,0.391,0.391,2.0533,2.0533
Precision instruments,,125.2305,Hawaii,,1.8098,,0.3777,,122.852
Transport equip.,,59.4754,Hawaii,,0.0009,,0.00030000000000000003,,57.4953
Articles-base metal,764.6333,764.6333,Idaho,5.7052,5.7052,327.88620000000003,327.88620000000003,763.8177000000001,763.8177000000001
Furniture,24.631999999999998,6.07,Idaho,5.3613,0.4383,2.6477,0.25980000000000003,24.1008,5.942
Misc. mfg. prods.,14.940000000000001,57.1706,Idaho,2.7664,37.7719,1.4971,20.9054,14.6903,56.2193
Mixed freight,0.7806,1.4169,Idaho,0.6226,1.358,0.29510000000000003,0.5357000000000001,0.7601,1.3796
Motorized vehicles,,6.170999999999999,Idaho,,4.9848,,3.4955,,6.0253
Nonmetallic minerals,,7.8307,Idaho,,309.5391,,267.9196,,7.3611
Paper articles,,1.1180999999999999,Idaho,,2.1178,,1.754,,1.0878999999999999
Plastics/rubber,18.8105,0.5660000000000001,Idaho,19.8009,0.4613999999999999,7.9297,0.218,18.5612,0.5578
Precision instruments,13.5557,12.0881,Idaho,0.0,0.569,0.0,0.4175,13.2954,11.8554
Tobacco prods.,,0.1051,Idaho,,0.00030000000000000003,,0.00030000000000000003,,0.0965
Alcoholic beverages,,1154.1382,Illinois,,2232.5718,,1021.829,,1126.5540999999998
Articles-base metal,352.4942,44.5283,Illinois,31.667099999999998,5.3004,58.494299999999996,12.445599999999999,352.1274,44.4812
Base metals,,234.8859,Illinois,,143.2698,,252.2169,,254.10100000000003
Basic chemicals,75.2667,13.472,Illinois,34.6521,1.236,44.441,3.0297,81.8934,14.6129
Crude petroleum,,2.8297999999999996,Illinois,,6.1487,,5.1232,,3.4326
Electronics,108.6003,38.2237,Illinois,2.7788,0.5281,6.585,3.4572,109.14410000000001,38.4144
Fertilizers,28.1038,6.429599999999999,Illinois,29.067699999999995,1.512,52.6575,1.0211999999999999,29.687599999999996,6.7829999999999995
Furniture,32.2825,102.91040000000001,Illinois,5.3322,17.1191,6.868499999999999,34.394000000000005,31.607699999999998,100.67960000000001
Gravel,,0.6134999999999999,Illinois,,45.079899999999995,,118.4751,,0.5795
Live animals/fish,18.1146,36.4761,Illinois,4.8068,1.3198,13.097999999999999,19.4357,16.0595,32.2617
Misc. mfg. prods.,5.992999999999999,121.1079,Illinois,1.2802000000000002,35.5353,1.5336999999999998,48.264700000000005,5.893400000000001,119.10690000000001
Mixed freight,63.5418,11.643699999999999,Illinois,31.548000000000002,0.6079,29.8268,0.7704,61.8655,11.3385
Motorized vehicles,18.18,827.0132000000001,Illinois,0.5022,2.9107765440000004,0.7846,2.0914323599999998,17.7459,98.08359455
Nonmetal min. prods.,16.4551,39.8451,Illinois,14.558300000000001,10.5423,13.125399999999999,130.32510000000002,15.5248,37.564
Other ag prods.,,22.0035,Illinois,,31.5032,,13.8325,,21.897599999999997
Pharmaceuticals,70.5869,5.0436,Illinois,0.00030000000000000003,0.2558,0.00030000000000000003,0.5502,62.908500000000004,4.4891000000000005
Plastics/rubber,125.64729999999999,0.9016,Illinois,10.8179,0.43250000000000005,18.9131,0.33140000000000003,123.93499999999999,0.8891
Precision instruments,254.54,0.7126,Illinois,0.6181,0.0006000000000000001,1.9169999999999998,0.00030000000000000003,249.56280000000004,0.6990000000000001
Printed prods.,87.6459,201.257,Illinois,15.176299999999998,105.7801,14.038699999999999,128.1509,87.2421,200.3381
Textiles/leather,2.8967,14.341899999999999,Illinois,1.3754,1.1692,1.2875999999999999,0.6189,2.8375000000000004,14.0475
Articles-base metal,,78.36019999999999,Indiana,,26.834799999999998,,39.6781,,78.2786
Base metals,429.6277,210.5014,Indiana,93.9079,41.306799999999996,425.0314,274.68129999999996,465.30420000000004,227.79610000000002
Basic chemicals,6.178599999999999,6.178599999999999,Indiana,0.7871,0.7871,4.457599999999999,4.457599999999999,6.7181,6.7181
Cereal grains,,1.5463,Indiana,,3.4158000000000004,,11.7147,,2.207
Chemical prods.,133.91219999999998,437.2903,Indiana,7.0435,21.435299999999998,25.0562,74.0719,134.9361,440.6188
Electronics,24.2414,16.1983,Indiana,0.6432000000000001,1.1928,0.9110000000000001,1.4714999999999998,24.362599999999997,16.280399999999997
Furniture,33.4554,9.0924,Indiana,7.1103000000000005,0.5590999999999999,8.9686,1.0051999999999999,32.7221,8.905100000000001
Misc. mfg. prods.,42.7064,3.2016,Indiana,35.4992,1.0267,20.016,0.6462,41.992599999999996,3.1491999999999996
Mixed freight,253.26100000000002,0.6791,Indiana,44.0018,0.23819999999999997,18.3262,0.2375,246.5867,0.6612
Motorized vehicles,754.0458000000001,68.3075,Indiana,1.5826765440000001,6.974100000000001,2.10703236,13.707500000000001,26.792694550000004,66.7384
Newsprint/paper,,14.0668,Indiana,,23.666900000000002,,35.5637,,13.4662
Nonmetallic minerals,,0.0023,Indiana,,0.08410000000000001,,0.046200000000000005,,0.002
Other foodstuffs,303.3278,62.2823,Indiana,129.6243,20.648,411.84580000000005,29.6747,294.2813,60.4173
Plastics/rubber,28.8811,5.6378,Indiana,3.0907999999999998,0.5851,1.3074999999999999,0.9328,28.488800000000005,5.558
Printed prods.,37.2303,73.5062,Indiana,4.5754,6.5245,8.529,3.9243,37.0608,73.1673
Textiles/leather,0.8512,0.44020000000000004,Indiana,0.34199999999999997,0.0006000000000000001,0.41280000000000006,0.00030000000000000003,0.8337,0.4312
Tobacco prods.,4.5192,4.5192,Indiana,0.0023,0.0023,0.17830000000000001,0.17830000000000001,4.1379,4.1379
Transport equip.,3.9981,21.0256,Indiana,0.0,0.1361,0.00030000000000000003,0.2876,3.8638,20.312
Wood prods.,,1.3429,Indiana,,0.1758,,0.2551,,1.2292
Base metals,,9.7705,Iowa,,1.108,,0.9468000000000001,,10.587
Basic chemicals,0.0249,53.097,Iowa,0.039099999999999996,211.437,0.0356,235.939,0.027,57.869699999999995
Chemical prods.,,136.9272,Iowa,,11.2878,,20.352800000000002,,137.97170000000003
Furniture,,0.9131,Iowa,,0.5012,,0.2453,,0.8935
Misc. mfg. prods.,12.986999999999998,67.6884,Iowa,1.587,0.0701,1.238,0.3664,12.7725,66.5703
Plastics/rubber,6.77,0.7744,Iowa,0.3294,1.7969,0.5811999999999999,1.4826,6.6796,0.7634
Printed prods.,,0.4712,Iowa,,0.10369999999999999,,0.1261,,0.46909999999999996
Animal feed,0.012100000000000001,0.012100000000000001,Kansas,0.0941,0.0941,0.4699,0.4699,0.011999999999999999,0.011999999999999999
Articles-base metal,9.8985,17.5847,Kansas,1.7523,5.6669,2.0679,5.0434,9.888300000000001,17.5667
Basic chemicals,,34.0719,Kansas,,15.9554,,13.031,,36.973200000000006
Chemical prods.,2.9776,9.4331,Kansas,0.08399999999999999,4.5352,0.2918,4.5733,3.0003,9.5047
Electronics,350.7579,350.7579,Kansas,7.0728,7.0728,30.65,30.65,352.54859999999996,352.54859999999996
Fertilizers,,124.8008,Kansas,,59.593799999999995,,281.31660000000005,,131.7628
Furniture,42.2998,45.4126,Kansas,2.5509999999999997,2.465,7.6469,8.822099999999999,41.4057,44.4515
Machinery,,3.0597000000000003,Kansas,,0.5942,,0.35660000000000003,,2.9859999999999998
Misc. mfg. prods.,33.120400000000004,24.383300000000002,Kansas,6.9575,2.2834,8.7604,2.2727,32.571200000000005,23.9759
Mixed freight,1.0417,0.031,Kansas,0.3451,0.0185,0.39369999999999994,0.0117,1.0143,0.0303
Motorized vehicles,106.77539999999999,0.1938,Kansas,19.578899999999997,0.1228,11.9397,0.0344,104.3169,0.1891
Other foodstuffs,45.276599999999995,50.271,Kansas,29.6967,20.4167,18.374,19.913300000000003,43.899300000000004,48.762
Paper articles,,520.9719,Kansas,,114.09470000000002,,851.0572,,506.9474
Precision instruments,2.7889,0.9454,Kansas,0.0,0.00030000000000000003,0.00030000000000000003,0.00030000000000000003,2.7352999999999996,0.9273
Textiles/leather,,14.2488,Kansas,,1.2365,,1.5251,,13.954999999999998
Transport equip.,23.0417,42.4593,Kansas,0.6121,22.4313,0.4478,27.527100000000004,22.2592,40.9833
Wood prods.,,6.492,Kansas,,1.1864,,1.8591,,5.942000000000001
Articles-base metal,89.2517,576.5375,Kentucky,7.6007,15.667100000000001,14.243699999999999,38.209999999999994,89.1563,575.9335
Basic chemicals,5.005599999999999,9.2426,Kentucky,2.1388,9.0777,2.9377000000000004,44.8112,5.4261,10.063
Chemical prods.,0.40140000000000003,0.782,Kentucky,0.19690000000000002,0.00030000000000000003,0.182,0.0009000000000000001,0.40440000000000004,0.788
Crude petroleum,,240.73539999999997,Kentucky,,657.1533999999999,,439.4565,,294.4465
Electronics,,78.7765,Kentucky,,2.5163,,2.4432,,79.1678
Furniture,114.3382,115.2948,Kentucky,3.674,3.9899,24.179299999999998,24.632199999999997,111.89489999999999,112.8309
Machinery,,0.3398,Kentucky,,0.23070000000000002,,0.2782,,0.3317
Misc. mfg. prods.,1.5018,13.619,Kentucky,0.3747,0.763,0.4609,0.5718,1.4765,13.390300000000002
Mixed freight,27.8506,4.7178,Kentucky,5.4424,0.0037999999999999996,13.2833,0.0095,27.1151,4.5934
Motorized vehicles,,0.0581,Kentucky,,0.0069,,0.0104,,0.056799999999999996
Natural sands,,0.7728999999999999,Kentucky,,11.872900000000001,,17.5842,,0.7210000000000001
Nonmetal min. prods.,,62.16,Kentucky,,61.7918,,107.6405,,58.616499999999995
Nonmetallic minerals,,9.7212,Kentucky,,6.293799999999999,,19.1798,,9.1404
Paper articles,,9.4653,Kentucky,,2.5546,,1.0259,,9.2121
Pharmaceuticals,,1.3046,Kentucky,,0.0595,,0.20389999999999997,,1.1612
Precision instruments,,254.54,Kentucky,,0.6181,,1.9169999999999998,,249.56280000000004
Printed prods.,56.2849,68.9143,Kentucky,1.1846,1.6085000000000003,1.9556999999999998,3.1327,56.026399999999995,68.5966
Waste/scrap,,28.085300000000004,Kentucky,,15.643699999999999,,20.4547,,32.3576
Alcoholic beverages,,37.8898,Louisiana,,19.1855,,33.5295,,36.980199999999996
Animal feed,,10.374099999999999,Louisiana,,0.7615000000000001,,1.7869,,10.2556
Articles-base metal,150.06040000000002,138.3189,Louisiana,4.9173,3.1965000000000003,22.5642,21.4724,149.90189999999998,138.17239999999998
Base metals,,0.0109,Louisiana,,0.055099999999999996,,0.1843,,0.011800000000000001
Basic chemicals,690.8797999999999,208.98179999999996,Louisiana,354.2406,24.676399999999997,551.1250000000001,101.53300000000002,751.5127,226.93689999999998
Crude petroleum,53.563199999999995,46.744,Louisiana,99.2085,72.27850000000001,104.1279,89.8091,66.5745,59.4675
Electronics,3854.0201,3853.7869,Louisiana,20.036300000000004,18.859900000000003,366.8494,366.31600000000003,3873.2816999999995,3873.0472999999997
Furniture,,2.4722,Louisiana,,0.4778,,0.5981000000000001,,2.4201
Machinery,9.937199999999999,29.8802,Louisiana,0.0413,0.5615,0.2975,0.45410000000000006,9.697600000000001,29.150199999999998
Misc. mfg. prods.,19.2313,4.112500000000001,Louisiana,0.5836,1.19,0.6512,0.7931999999999999,18.9097,4.0443999999999996
Mixed freight,2.6338,806.3756999999999,Louisiana,2.7479,31.0248,0.9955,59.3662,2.5642,785.0810999999999
Motorized vehicles,,3.9772,Louisiana,,1.1189,,0.451,,3.882
Nonmetal min. prods.,,3.2226,Louisiana,,1.4675,,3.2392,,3.0397000000000003
Other foodstuffs,,28.953199999999995,Louisiana,,65.96279999999999,,29.7224,,28.0717
Paper articles,,1.7598,Louisiana,,1.5467,,1.0726,,1.7123
Pharmaceuticals,,2.1146000000000003,Louisiana,,0.0006000000000000001,,0.00030000000000000003,,1.8854000000000002
Plastics/rubber,248.1687,118.80709999999999,Louisiana,237.4885,3.5214,193.6481,2.7134,244.86429999999996,117.1626
Precision instruments,8.2836,43.876900000000006,Louisiana,0.0006000000000000001,1.0326,0.00030000000000000003,1.1732,8.127699999999999,43.042
Textiles/leather,23.671899999999997,50.46340000000001,Louisiana,1.8691,3.8019,2.0437000000000003,4.5991,23.1917,49.441500000000005
Chemical prods.,,16.3274,Maine,,5.7786,,3.0858,,16.4542
Electronics,9.1533,1.7592999999999999,Maine,0.7756000000000001,0.4475,0.5272,0.5243,9.1982,1.7682
Furniture,,0.1985,Maine,,0.1377,,0.048,,0.19419999999999998
Gravel,,1.3383,Maine,,7.0587,,25.0794,,1.2641
Misc. mfg. prods.,23.4441,11.592500000000001,Maine,0.8724000000000001,0.2404,0.6053,0.35860000000000003,23.0617,11.3977
Precision instruments,,3.4259000000000004,Maine,,0.11230000000000001,,0.3146,,3.3602
Alcoholic beverages,,7.999499999999999,Maryland,,1.8837000000000002,,5.33,,7.8058
Articles-base metal,1.048,17.326900000000002,Maryland,0.19490000000000002,2.6870000000000003,0.1749,2.8883,1.047,17.3077
Building stone,,429.6177,Maryland,,205.38099999999997,,324.3326,,415.828
Coal-n.e.c.,34.3997,10.1788,Maryland,0.4936,3.2187,11.573899999999998,23.9092,34.7636,10.3219
Electronics,392.0629,54.927800000000005,Maryland,4.2403,0.8893,4.845400000000001,0.3804,394.0247,55.19970000000001
Furniture,24.2089,6.4078,Maryland,7.271000000000001,3.4219999999999997,5.9438,1.9971,23.6948,6.2678
Machinery,29.8802,2.3461,Maryland,0.5615,0.00030000000000000003,0.45410000000000006,0.00030000000000000003,29.150199999999998,2.2892
Misc. mfg. prods.,126.6481,6.5837,Maryland,6.3838,0.593153,12.102799999999998,1.022014,124.541,5.053660000000001
Mixed freight,,28.6382,Maryland,,3.1870999999999996,,9.9618,,27.8823
Motorized vehicles,0.17420000000000002,1.2549000000000001,Maryland,0.015099999999999999,0.0912,0.0312,0.6092,0.1703,1.2259
Newsprint/paper,1.9208000000000003,5.0536,Maryland,0.12519999999999998,3.3109,0.7324,7.4085,1.8389,4.8378
Other foodstuffs,380.1375,169.8372,Maryland,108.9408,9.0822,361.4747,20.1289,368.6797,164.6543
Pharmaceuticals,,10.553999999999998,Maryland,,0.7255,,0.7341,,9.412500000000001
Plastics/rubber,,341.49969999999996,Maryland,,37.7444,,32.8313,,336.72540000000004
Precision instruments,,116.6298,Maryland,,1.5615,,1.4434,,114.3933
Printed prods.,465.2843,6.3050999999999995,Maryland,33.5682,0.24869999999999998,30.435199999999995,0.2698,463.1635,6.276
Transport equip.,13.5502,2.9006,Maryland,0.772,0.00030000000000000003,0.39159999999999995,0.00030000000000000003,13.0975,2.8005
Waste/scrap,,52.1612,Maryland,,50.0042,,211.0627,,59.993300000000005
Electronics,16.380499999999998,8.3248,Massachusetts,0.2122,1.1529,0.2868,1.3328000000000002,16.4624,8.366299999999999
Furniture,0.9533,1.3811,Massachusetts,0.2212,0.0007,0.2229,0.00030000000000000003,0.9329,1.3513
Live animals/fish,,1.6275,Massachusetts,,0.12160000000000001,,0.0698,,1.4344000000000001
Misc. mfg. prods.,45.3917,0.4234,Massachusetts,2.5979,0.6676,3.0524999999999998,0.6604000000000001,44.627900000000004,0.4163
Mixed freight,2.5131,36.0775,Massachusetts,0.2409,2.0096999999999996,0.1172,2.3375,2.4465000000000003,35.126599999999996
Motorized vehicles,,0.13040000000000002,Massachusetts,,0.0675,,0.0233,,0.1273
Nonmetal min. prods.,266.0915,1.2843,Massachusetts,59.919599999999996,0.24839999999999998,763.8272999999999,0.22499999999999998,250.4178,1.2113999999999998
Precision instruments,595.7995,5.6852,Massachusetts,30.3555,0.1661,9.6676,0.1701,584.376,5.5767
Printed prods.,,10.0338,Massachusetts,,1.1452,,1.0845,,9.987300000000001
Textiles/leather,25.8808,27.3761,Massachusetts,0.08370000000000001,0.48969999999999997,0.3114,1.0585,25.354499999999998,26.820000000000004
Animal feed,,2.6299,Michigan,,0.3074,,0.3012,,2.5957
Base metals,52.692600000000006,261.6705,Michigan,29.321499999999997,87.9964,13.378000000000002,196.1725,57.0363,283.5049
Basic chemicals,57.559900000000006,42.830600000000004,Michigan,8.305900000000001,331.2561,18.2603,374.5547,62.463899999999995,46.4733
Coal-n.e.c.,413.124,413.8809,Michigan,129.2299,131.12338999999997,761.3677,762.70386,414.4759,415.23976000000005
Crude petroleum,,53.563199999999995,Michigan,,99.2085,,104.1279,,66.5745
Electronics,68.6943,2.8974,Michigan,4.7126,0.1589,3.7622,0.2959,69.03829999999999,2.9118000000000004
Fertilizers,,28.1038,Michigan,,29.067699999999995,,52.6575,,29.687599999999996
Furniture,4.5957,47.132,Michigan,0.8674000000000001,5.7757,1.5809,7.42,4.4974,46.1271
Machinery,42.169999999999995,73.2849,Michigan,1.7134999999999998,0.7807000000000001,2.5493,1.3763999999999998,41.1526,71.50869999999999
Milled grain prods.,15.1701,0.9345,Michigan,6.6553,0.40950000000000003,10.4086,1.7311,14.951899999999998,0.9209999999999999
Misc. mfg. prods.,44.253,11.2553,Michigan,14.951600000000001,1.3619999999999999,8.241700000000002,0.5254000000000001,43.51690000000001,11.0683
Mixed freight,372.1098,1361.0347,Michigan,15.1484,133.2897,27.5872,454.4368000000001,362.25509999999997,1325.0531
Motorized vehicles,1272.7343999999998,33.9407,Michigan,225.32000000000002,16.5366,113.73079999999999,14.725000000000001,1242.6597999999997,33.1445
Nonmetal min. prods.,27.4447,1.36,Michigan,21.6452,0.00030000000000000003,25.288199999999996,0.00030000000000000003,25.9,1.2801
Other foodstuffs,,303.3278,Michigan,,129.6243,,411.84580000000005,,294.2813
Pharmaceuticals,62.7623,205.29500000000002,Michigan,1.3107,0.4787,1.4722,0.3591,55.8426,182.597
Plastics/rubber,10.563500000000001,441.6652,Michigan,5.505,97.9586,2.4751,144.34949999999998,10.4121,435.73260000000005
Precision instruments,110.7661,336.19989999999996,Michigan,2.3292,5.8727,2.738,2.5263,108.6396,329.7682
Printed prods.,35.2606,2.1781,Michigan,7.317,1.5127,3.2169000000000003,1.5218,35.0978,2.1681
Wood prods.,7.478,41.6729,Michigan,0.035500000000000004,42.797900000000006,0.8327,46.3309,6.8452,38.1693
Articles-base metal,1043.0558,1090.4675000000002,Minnesota,0.4226,19.7517,12.7055,26.5269,1041.9636,1089.3259
Basic chemicals,,41.330200000000005,Minnesota,,3.4027000000000003,,4.4379,,44.858200000000004
Chemical prods.,208.95329999999998,46.6895,Minnesota,28.604300000000002,7.3753,29.7145,13.5139,210.55140000000003,47.044500000000006
Electronics,6.2155000000000005,319.0872999999999,Minnesota,0.6004,6.5401,0.6244000000000001,9.825899999999999,6.2465,320.6847
Fertilizers,0.0161,26.61,Minnesota,0.013500000000000002,7.3152,0.0215,25.4712,0.017,28.0672
Furniture,7.4351,185.0303,Minnesota,3.1506999999999996,36.799,2.5987,26.1199,7.2741999999999996,181.09279999999998
Gasoline,,60.37480000000001,Minnesota,,20.983,,108.3211,,76.4659
Misc. mfg. prods.,7.1118,12.041799999999999,Minnesota,0.8223,0.33440000000000003,0.6634,0.2011,6.9935,11.8444
Mixed freight,6.329700000000001,209.69529999999997,Minnesota,1.409,15.252,0.7869,25.4289,6.1632,204.142
Motorized vehicles,0.0954,30.234099999999998,Minnesota,0.0167,1.5544,0.0169,2.9245000000000005,0.0931,29.4711
Nonmetal min. prods.,2.995,5.4366,Minnesota,0.039900000000000005,0.1051,0.0317,0.1055,2.8228,5.1286
Plastics/rubber,0.3465,127.52059999999999,Minnesota,0.00030000000000000003,35.7296,0.00030000000000000003,44.0998,0.3418,125.75739999999999
Printed prods.,0.4062,0.2338,Minnesota,0.8613999999999999,0.3398,0.6001,0.42979999999999996,0.4043,0.2328
Textiles/leather,13.4894,73.9434,Minnesota,0.855,3.0063999999999997,1.2262,2.5657,13.211099999999998,72.4383
Tobacco prods.,,6.0793,Minnesota,,0.1348,,0.3135,,5.5677
Wood prods.,55.0106,3.4381999999999997,Minnesota,4.071899999999999,1.0653000000000001,3.4427,0.8280000000000001,50.33969999999999,3.1464999999999996
Articles-base metal,2.0759,8.781400000000001,Mississippi,0.2207,0.71,0.46199999999999997,0.8689,2.0737,8.7726
Base metals,0.8074,1.5270000000000001,Mississippi,0.2148,1.4723,0.36669999999999997,0.5627,0.8743,1.6535000000000002
Crude petroleum,,2.8621000000000003,Mississippi,,2.1954000000000002,,5.564,,3.5574000000000003
Misc. mfg. prods.,1.4115,0.5204,Mississippi,0.6127,0.0623,0.8651000000000001,0.1101,1.388,0.5116
Motorized vehicles,625.1642,166.89870000000002,Mississippi,48.891600000000004,2.4435,84.8711,7.3511999999999995,610.4284,162.89249999999998
Other foodstuffs,,116.06909999999999,Mississippi,,145.4645,,174.6955,,112.605
Paper articles,,36.5497,Mississippi,,13.6171,,19.7578,,35.5617
Precision instruments,,89.2131,Mississippi,,14.975699999999998,,24.5894,,87.50930000000001
Transport equip.,,0.0142,Mississippi,,0.077,,0.101,,0.0137
Articles-base metal,232.3277,21.0991,Missouri,85.77080000000001,0.7384999999999999,92.5843,0.6930999999999999,232.08859999999999,21.076999999999995
Base metals,22.434,0.8074,Missouri,9.133000000000001,0.2148,24.7388,0.36669999999999997,24.2747,0.8743
Chemical prods.,,133.91219999999998,Missouri,,7.0435,,25.0562,,134.9361
Electronics,363.0573999999999,437.909,Missouri,38.4521,5.1478,37.1294,5.542400000000001,364.8681,440.1005
Furniture,12.5021,3.4618,Missouri,1.424,0.6681,2.0389,0.857,12.236500000000001,3.3884
Gravel,0.6134999999999999,1.2641,Missouri,45.079899999999995,83.872,118.4751,252.04410000000001,0.5795,1.199
Live animals/fish,36.4761,18.1146,Missouri,1.3198,4.8068,19.4357,13.097999999999999,32.2617,16.0595
Machinery,,10.076,Missouri,,0.6049,,0.8111000000000002,,9.8314
Misc. mfg. prods.,143.5626,441.05600000000004,Missouri,4.0367999999999995,10.046899999999999,22.5159,18.4208,141.14009999999996,433.71340000000004
Mixed freight,6.902799999999999,27.7133,Missouri,1.5301,5.4608,3.4656000000000002,13.2316,6.7203,26.9814
Motorized vehicles,41.1683,33.568299999999994,Missouri,3.5570999999999997,0.5323,4.6669,1.6728999999999998,40.1353,32.7792
Nonmetal min. prods.,39.8451,1.198,Missouri,10.5423,0.4158,130.32510000000002,0.6066,37.564,1.1299
Pharmaceuticals,,44.2842,Missouri,,0.339,,0.4156,,39.3936
Printed prods.,10.911999999999999,56.2849,Missouri,1.8182999999999998,1.1846,1.5115,1.9556999999999998,10.862300000000001,56.026399999999995
Textiles/leather,18.7465,86.4388,Missouri,0.3759,7.784199999999999,0.7182999999999999,3.7602000000000007,18.360500000000002,84.66170000000001
Wood prods.,,1.0843,Missouri,,1.0564,,1.0175999999999998,,0.9922
Machinery,,0.4287,Montana,,0.3747,,0.20179999999999998,,0.41850000000000004
Mixed freight,,0.2128,Montana,,0.4365,,0.2309,,0.2071
Motorized vehicles,,0.4821,Montana,,0.1137,,0.08600000000000001,,0.4709
Nonmetal min. prods.,,0.3043,Montana,,0.07200000000000001,,0.1143,,0.2872
Other foodstuffs,,0.00030000000000000003,Montana,,0.456,,0.22219999999999998,,0.00030000000000000003
Plastics/rubber,,1.3288,Montana,,0.4306,,0.174,,1.3115
Precision instruments,6.1041,8.2836,Montana,0.052700000000000004,0.0006000000000000001,0.10770000000000002,0.00030000000000000003,5.9855,8.127699999999999
Articles-base metal,32.146100000000004,55.5266,Nebraska,7.7668,30.893299999999996,5.0356,55.694199999999995,32.1112,55.467999999999996
Coal-n.e.c.,,13.7654,Nebraska,,9.3154,,9.202200000000001,,13.883099999999999
Electronics,2.388,65.21560000000001,Nebraska,0.22660000000000002,0.4222,0.20779999999999998,0.4302,2.3998999999999997,65.5453
Fertilizers,,142.2665,Nebraska,,212.56449999999995,,447.78689999999995,,150.17079999999999
Furniture,9.2694,3.3361,Nebraska,0.3089,1.3871,0.3714,0.807,9.074599999999998,3.2652
Machinery,,6.516,Nebraska,,0.7608999999999999,,0.9152,,6.3571
Misc. mfg. prods.,69.0222,120.3525,Nebraska,0.5892999999999999,3.3538,0.7257,21.6829,67.88250000000001,118.31989999999999
Motorized vehicles,28.8374,239.56830000000002,Nebraska,15.6924,28.679099999999995,13.722900000000001,40.1101,28.176500000000004,233.88670000000002
Newsprint/paper,,8.3133,Nebraska,,0.379,,0.5132000000000001,,7.9582999999999995
Other ag prods.,2091.648,2091.648,Nebraska,36.4443,36.4443,4155.3018,4155.3018,2084.5911,2084.5911
Other foodstuffs,,1.1664,Nebraska,,0.3985,,0.887,,1.1320999999999999
Pharmaceuticals,15.911500000000004,1.7724,Nebraska,0.7966,0.7552,0.416,0.9318,14.1875,1.5785
Plastics/rubber,4.1898,6.43,Nebraska,21.3599,0.8516,17.5493,0.8775,4.1316999999999995,6.3437
Precision instruments,3.0757,12.4831,Nebraska,0.0762,0.1658,0.1073,0.4285,3.0172,12.2431
Transport equip.,,0.6343000000000001,Nebraska,,0.28300000000000003,,0.4849,,0.6132
Alcoholic beverages,,2.2559,Nevada,,2.7056,,2.4843,,2.2020999999999997
Articles-base metal,26.6207,0.8381,Nevada,30.895300000000002,0.651,10.6466,0.23360000000000003,26.5931,0.8372999999999999
Base metals,0.00030000000000000003,67.2787,Nevada,0.6465,17.1289,0.3248,6.7654,0.00030000000000000003,72.83460000000001
Chemical prods.,266.9064,265.90970000000004,Nevada,7.5158,7.5149,162.3077,162.3074,268.953,267.9486
Electronics,11.208,0.8190999999999999,Nevada,0.9577,1.2936999999999999,0.43119999999999997,0.5761000000000001,11.2637,0.8231999999999999
Milled grain prods.,102.9227,116.4749,Nevada,1.3467,17.5322,48.4544,77.45609999999999,101.4495,114.8082
Misc. mfg. prods.,21.0357,0.6317,Nevada,2.212,0.9203,2.2676,0.5045999999999999,20.691,0.6211
Motorized vehicles,4.8003,1217.1255999999998,Nevada,1.0389,193.24710000000002,0.5383,100.4301,4.6861,1188.2512
Nonmetal min. prods.,48.859899999999996,60.38889999999999,Nevada,73.57509999999999,116.16039999999998,168.5376,184.9137,46.0283,56.9216
Plastics/rubber,,17.805,Nevada,,1.0934,,0.48400000000000004,,17.5644
Textiles/leather,11.350999999999999,21.861900000000002,Nevada,0.3352,0.9260999999999999,0.4077,0.3325,11.1187,21.4165
Logs,3.9200999999999997,3.9200999999999997,New Hampshire,3.3024999999999998,3.3024999999999998,42.11,42.11,3.2058999999999997,3.2058999999999997
Misc. mfg. prods.,1.9137,2.9717000000000002,New Hampshire,0.22709999999999997,0.5099,0.1586,0.3183,1.8823,2.9215
Mixed freight,0.7101000000000001,972.1823999999999,New Hampshire,0.2567,6.7365,0.24919999999999998,47.8553,0.6915,946.5199
Motorized vehicles,3.0994,0.0358,New Hampshire,1.1728,0.011,0.6665000000000001,0.0063999999999999994,3.0276,0.0347
Nonmetal min. prods.,,30.0659,New Hampshire,,0.0006000000000000001,,0.0008,,28.353199999999998
Pharmaceuticals,,3.4275,New Hampshire,,0.6,,0.2349,,3.0511999999999997
Plastics/rubber,7.0,16.845200000000002,New Hampshire,0.7366,0.133,1.0848,0.183,6.906,16.6157
Precision instruments,19.6835,13.5557,New Hampshire,0.3165,0.0,0.3401,0.0,19.305899999999998,13.2954
Textiles/leather,0.8794,0.6395,New Hampshire,0.25,0.245,0.2092,0.23520000000000002,0.8614999999999999,0.6265000000000001
Articles-base metal,,1.4622,New Jersey,,0.0644,,0.1978,,1.4606
Basic chemicals,9.813500000000001,0.0249,New Jersey,0.5246999999999999,0.039099999999999996,0.3985000000000001,0.0356,10.631900000000002,0.027
Coal-n.e.c.,,0.0,New Jersey,,0.0,,0.00030000000000000003,,0.0
Electronics,22.858199999999997,25.705299999999998,New Jersey,2.8996000000000004,1.9427000000000003,1.727,3.0833000000000004,22.9701,25.836100000000002
Furniture,8.4278,0.097,New Jersey,0.7883,0.0701,0.7289,0.0659,8.2476,0.0948
Machinery,96.9444,149.5626,New Jersey,1.6875,10.8251,2.1902,12.5858,94.62270000000001,145.9278
Meat/seafood,,987.9191999999999,New Jersey,,199.0661,,128.7639,,908.4384
Mixed freight,,1.2902999999999998,New Jersey,,0.7878000000000001,,0.4875,,1.2559
Motorized vehicles,,26.259500000000003,New Jersey,,0.2367,,0.27759999999999996,,25.6244
Newsprint/paper,,1.9208000000000003,New Jersey,,0.12519999999999998,,0.7324,,1.8389
Other ag prods.,35.8363,748.6450000000001,New Jersey,1.2471,111.9544,3.6337,578.7995999999999,35.7547,745.6346000000001
Other foodstuffs,660.7023999999999,77.7405,New Jersey,318.31980000000004,259.68370000000004,370.4124,107.1619,640.3267000000001,75.4033
Paper articles,,0.39990000000000003,New Jersey,,0.0,,0.00030000000000000003,,0.38920000000000005
Precision instruments,,93.5766,New Jersey,,0.48600000000000004,,0.543498,,91.7545
Textiles/leather,,33.1013,New Jersey,,2.0955,,2.4101,,32.4276
Articles-base metal,,0.8325,New Mexico,,0.7281,,0.46919999999999995,,0.8315999999999999
Basic chemicals,,0.45720000000000005,New Mexico,,4.9238,,3.6427,,0.4966
Electronics,,0.8155,New Mexico,,0.1142,,0.059699999999999996,,0.8195999999999999
Furniture,,2.9489,New Mexico,,1.2325000000000002,,0.7134,,2.8868
Meat/seafood,383.1424,56.764900000000004,New Mexico,20.1886,1.8851,73.6244,3.4431000000000003,352.21029999999996,52.1561
Misc. mfg. prods.,,10.9934,New Mexico,,2.7257,,1.6934,,10.809000000000001
Mixed freight,,2.2039,New Mexico,,0.0006000000000000001,,0.00030000000000000003,,2.1455
Motorized vehicles,,18.472099999999998,New Mexico,,17.6101,,13.9485,,18.032600000000002
Paper articles,,0.9812000000000001,New Mexico,,0.00030000000000000003,,0.00030000000000000003,,0.9547
Articles-base metal,,20.4511,New York,,4.696000000000001,,4.867,,20.4285
Base metals,14.1554,3.1334000000000004,New York,3.5967999999999996,0.6465,1.3349000000000002,0.3251,15.3212,3.3933
Basic chemicals,23.9221,69.4868,New York,14.293199999999999,0.17218795,15.771799999999999,0.13155927,25.9816,0.5378584599999999
Cereal grains,,73.1923,New York,,16.8551,,321.7435,,104.7613
Chemical prods.,3.3921,162.72889999999998,New York,1.4999,6.0482,0.6658,18.5657,3.4176,163.98590000000002
Electronics,8.066799999999999,434.7522,New York,0.9334,9.2238,1.2997,11.436399999999999,8.107800000000001,436.93710000000004
Fertilizers,262.3059,262.3059,New York,6.0875,6.0875,371.3972,371.3972,276.682,276.682
Machinery,236.9455,264.9264,New York,4.7336,3.541500000000001,32.067800000000005,31.590799999999998,231.2626,258.5637
Misc. mfg. prods.,10.5362,1.6621,New York,1.5179529999999999,0.8279,1.708314,0.6567999999999999,8.94276,1.6344
Mixed freight,336.21819999999997,404.16799999999995,New York,50.6083,55.68,214.48499999999999,216.19799999999998,327.331,393.4939
Motorized vehicles,70.6901,27.374299999999998,New York,6.5669,1.2692,13.6429,1.3854,69.06509999999999,26.725
Newsprint/paper,,37.1235,New York,,38.3847,,38.0082,,35.538399999999996
Nonmetal min. prods.,5.7152,84.64349999999999,New York,0.33199999999999996,22.7547,0.41319999999999996,68.8476,5.3911,79.6742
Nonmetallic minerals,24.3154,0.0289,New York,8.7705,17.3482,32.4017,17.6518,22.8901,0.027200000000000002
Other ag prods.,636.6558000000001,51.3979,New York,101.46360000000001,1.5711,457.7006,3.9860999999999995,634.2113,51.2191
Other foodstuffs,,79.32900000000001,New York,,71.1606,,32.6759,,76.92099999999999
Paper articles,,38.326299999999996,New York,,0.0049,,0.0049,,37.287
Pharmaceuticals,10.914000000000001,0.5142,New York,0.0,0.00030000000000000003,0.0004,0.00030000000000000003,9.7423,0.45720000000000005
Plastics/rubber,372.906,3.3855000000000004,New York,53.4915,0.4556,65.22210000000001,0.4541,367.7282,3.3399000000000005
Precision instruments,66.69,0.3104,New York,1.6551,0.00030000000000000003,1.0024,0.00030000000000000003,65.4187,0.3046
Textiles/leather,55.7669,2.8868,New York,2.082,0.208,1.5467999999999997,0.2586,54.6356,2.8276000000000003
Transport equip.,21.6718,249.14589999999998,New York,0.5327999999999999,1.1117000000000001,0.5501,0.6691,20.9361,240.70869999999996
Waste/scrap,,6.2544,New York,,3.3428,,5.257,,7.2057
Wood prods.,,86.0987,New York,,22.6538,,50.0072,,78.768
Animal feed,,1.4039,North Carolina,,0.0009,,0.00030000000000000003,,1.3858
Articles-base metal,1505.7609999999997,1480.6779000000001,North Carolina,33.724599999999995,19.7025,680.9653,656.3641,1504.1816,1479.1210999999998
Base metals,,37.263200000000005,North Carolina,,0.5553,,0.7568,,40.3155
Basic chemicals,44.2107,11.2111,North Carolina,338.5778,0.42569999999999997,402.4293,0.499,47.976800000000004,12.200399999999998
Electronics,565.3024,142.8706,North Carolina,4.712899999999999,2.2276999999999996,9.2751,3.3916000000000004,568.1295,143.58320000000003
Furniture,182.8448,26.157099999999996,North Carolina,34.894600000000004,3.7579000000000002,26.2747,6.7495,178.95290000000003,25.6026
Machinery,3.2098,0.0319,North Carolina,0.6033,0.0009,1.0343,0.00030000000000000003,3.1304,0.0312
Meat/seafood,33.0015,147.2245,North Carolina,6.6058,18.4443,6.3634,32.065799999999996,30.307899999999997,135.04760000000002
Milled grain prods.,,122.6464,North Carolina,,29.6943,,47.399699999999996,,120.89869999999999
Misc. mfg. prods.,1.3243,311.0146,North Carolina,0.7052,43.4636,0.2802,18.944100000000002,1.3022,305.8251
Mixed freight,18.244500000000002,10.030500000000002,North Carolina,1.4022999999999999,1.7391,1.7642999999999998,2.3754,17.7634,9.7656
Motorized vehicles,12.4647,9.9903,North Carolina,2.5903,1.3073000000000001,9.4143,0.8477,12.163499999999999,9.7625
Newsprint/paper,22.7031,21.8323,North Carolina,45.5364,2.8200999999999996,33.5419,5.1826,21.7337,20.9
Nonmetal min. prods.,53.49549999999999,30.439700000000002,North Carolina,35.7111,21.6851,77.2665,25.319899999999997,50.441599999999994,28.7228
Other foodstuffs,169.8372,35.7658,North Carolina,9.0822,18.5647,20.1289,15.763399999999997,164.6543,34.7004
Paper articles,6.877,18.7601,North Carolina,1.7241,1.9610999999999998,1.0495,16.3859,6.6922,18.257199999999997
Pharmaceuticals,1.1139,70.5869,North Carolina,0.0004,0.00030000000000000003,0.00030000000000000003,0.00030000000000000003,0.9914000000000001,62.908500000000004
Plastics/rubber,22.424999999999997,373.7711,North Carolina,6.3709,61.884100000000004,5.7392,94.1242,22.1188,368.5776
Precision instruments,1.0533000000000001,6.4792000000000005,North Carolina,0.00030000000000000003,0.5417,0.00030000000000000003,0.5773999999999999,1.0333,6.3537
Printed prods.,0.19229999999999997,3.4055,North Carolina,0.0006000000000000001,0.5635000000000001,0.00030000000000000003,0.5901,0.19140000000000001,3.3899
Textiles/leather,40.7991,122.3553,North Carolina,2.2521,10.5458,2.8053,3.5362999999999998,39.9737,119.81710000000001
Wood prods.,20.3522,165.1649,North Carolina,3.7526,82.1354,3.5984,203.9739,18.6193,151.15619999999998
Articles-base metal,,1.5987,North Dakota,,0.0037999999999999996,,0.0018,,1.5971
Furniture,,0.5549,North Dakota,,0.2648,,0.13419999999999999,,0.5430999999999999
Machinery,0.9235,8.1069,North Dakota,0.5899,1.0832,0.5133,0.7891000000000001,0.9014,7.9108
Misc. mfg. prods.,8.4642,14.0151,North Dakota,0.9612,0.0006000000000000001,0.9476,0.00030000000000000003,8.3215,13.7813
Motorized vehicles,0.2609,4.0205,North Dakota,0.0457,0.0171,0.0465,0.0154,0.2551,3.9231
Textiles/leather,9.4678,2.6751,North Dakota,0.593,0.21230000000000002,0.495,0.20739999999999997,9.273900000000001,2.6204
Articles-base metal,732.9702,323.5766,Ohio,105.75399999999999,2.527,238.64659999999995,4.8686,731.1224,323.2409
Base metals,232.81670000000003,2.4967,Ohio,128.48499999999999,0.8918999999999999,232.23239999999998,0.4346,251.8326,2.7097
Basic chemicals,109.1211,158.4964,Ohio,20.7393,1709.7293,53.3872,1098.4502999999997,118.3102,172.60309999999998
Chemical prods.,123.6658,450.115,Ohio,5.4384999999999994,47.3417,15.2287,155.2526,124.6238,453.5725
Coal-n.e.c.,,0.0014,Ohio,,0.0168,,0.0121,,0.0015
Electronics,147.1853,199.90159999999997,Ohio,4.2898000000000005,1.0809,6.000100000000001,1.9837,147.9293,200.8982
Fuel oils,0.03,0.03,Ohio,0.0039,0.0039,0.0282,0.0282,0.037,0.037
Furniture,326.77049999999997,28.1115,Ohio,59.3558,5.9161,53.0147,3.7126,319.83490000000006,27.505499999999998
Gravel,,3.9341,Ohio,,10.9219,,13.484000000000002,,3.7158999999999995
Machinery,86.985,176.50449999999998,Ohio,0.6277,11.4587,1.4561999999999997,10.6582,84.87609999999998,172.2866
Meat/seafood,0.9627,19.604400000000002,Ohio,0.11130000000000001,3.4113999999999995,0.5308,3.5407,0.8853,18.022199999999998
Metallic ores,,46.3224,Ohio,,14.033700000000001,,28.0773,,55.328
Misc. mfg. prods.,585.3106,35.121100000000006,Ohio,20.3904,13.810500000000001,27.703899999999997,8.0654,575.5725,34.5276
Mixed freight,1136.7441999999996,15.2439,Ohio,119.14370000000001,2.2112,447.53650000000005,4.599800000000001,1106.6908,14.8409
Motorized vehicles,651.2416000000001,617.6120000000001,Ohio,30.067999999999998,33.0362,231.80870000000004,237.08870000000005,635.7707,602.9656
Pharmaceuticals,,52.487700000000004,Ohio,,0.1664,,0.6162,,46.7175
Plastics/rubber,26.21,107.7651,Ohio,3.0637999999999996,6.947700000000001,3.7026000000000003,12.5396,25.8538,106.3033
Precision instruments,43.172200000000004,4.4371,Ohio,0.8365999999999999,0.5816,0.7626,0.2797,42.3601,4.3531
Printed prods.,18.880000000000003,21.8035,Ohio,5.2198,1.9041000000000001,5.5627,6.9175,18.793999999999997,21.703200000000002
Textiles/leather,3.2979000000000003,8.4795,Ohio,0.37820000000000004,0.2763,0.4465,0.5390999999999999,3.2306,8.3072
Tobacco prods.,,49.219,Ohio,,0.19440000000000002,,0.8616,,45.1333
Transport equip.,,3.9981,Ohio,,0.0,,0.00030000000000000003,,3.8638
Articles-base metal,0.6694000000000001,1.1553,Oklahoma,1.2455,0.7475,1.0682,0.622,0.6686000000000001,1.1541000000000001
Building stone,,2.9781,Oklahoma,,0.9784,,1.1346,,2.8819
Chemical prods.,,0.51,Oklahoma,,1.1316,,0.5138,,0.5138
Electronics,22.0448,0.8007,Oklahoma,2.1125,0.4622,2.8089,0.3069,22.154799999999998,0.8047000000000001
Machinery,33.7833,36.206,Oklahoma,3.7796,12.831299999999999,3.829,9.6537,32.986799999999995,35.3267
Meat/seafood,29.2207,33.0015,Oklahoma,1.009,6.6058,3.1454000000000004,6.3634,26.8979,30.307899999999997
Misc. mfg. prods.,15.088,44.8727,Oklahoma,1.5479,1.3341,1.3365999999999998,1.6404999999999998,14.8382,44.122099999999996
Motorized vehicles,5.8668,231.53640000000004,Oklahoma,4.994,43.30210000000001,3.5006999999999997,53.20799999999999,5.728,226.03769999999997
Other foodstuffs,,1.6721,Oklahoma,,0.0006000000000000001,,0.00030000000000000003,,1.6202999999999999
Paper articles,,2.7868,Oklahoma,,0.9704,,0.7661,,2.7114000000000003
Plastics/rubber,57.2089,19.974899999999998,Oklahoma,26.6971,5.3676,31.287,4.888800000000001,56.414699999999996,19.701299999999996
Precision instruments,31.879499999999997,3.3579999999999997,Oklahoma,1.9004999999999996,0.0006000000000000001,1.4375,0.00030000000000000003,31.268900000000002,3.2935
Printed prods.,,0.6646,Oklahoma,,0.2558,,0.30000000000000004,,0.6616
Textiles/leather,,0.8615999999999999,Oklahoma,,0.0685,,0.1381,,0.8438
Articles-base metal,,0.9642999999999999,Oregon,,1.5420000000000003,,0.6151,,0.9633
Base metals,,28.6606,Oregon,,25.664,,12.146799999999999,,31.022499999999997
Machinery,0.3185,0.035,Oregon,0.0006000000000000001,0.0006000000000000001,0.00030000000000000003,0.00030000000000000003,0.311,0.0341
Misc. mfg. prods.,9.111099999999999,12.666700000000002,Oregon,2.8760999999999997,3.0073000000000003,1.0984,2.3962000000000003,8.9579,12.4577
Motorized vehicles,2.0845,121.98129999999999,Oregon,1.2439,37.2908,0.4026,16.4688,2.0347000000000004,119.17509999999999
Nonmetal min. prods.,,9.8709,Oregon,,0.315,,0.9818,,9.314599999999999
Other foodstuffs,34.755,1.2441,Oregon,44.4786,0.030799999999999998,14.972000000000001,0.012799999999999999,33.7039,1.2058
Pharmaceuticals,,12.392399999999999,Oregon,,2.4337999999999997,,1.0090999999999999,,11.0271
Printed prods.,3.9318,0.18480000000000002,Oregon,6.3603,0.46120000000000005,24.500400000000003,0.1973,3.9139,0.184
Textiles/leather,,0.5865,Oregon,,0.5851999999999999,,0.26680000000000004,,0.5746
Tobacco prods.,,4.6269,Oregon,,0.0009,,0.00030000000000000003,,4.2482
Wood prods.,2.3424,1.2534,Oregon,4.7697,1.763,1.7056,1.2782,2.144,1.1474
Alcoholic beverages,65.95609999999999,65.95609999999999,Pennsylvania,4.8381,4.8381,52.1796,52.1796,64.3707,64.3707
Articles-base metal,156.4208,915.1777,Pennsylvania,40.184,162.97299999999998,28.590399999999995,315.35699999999997,156.2623,913.1360999999999
Base metals,195.31,131.015,Pennsylvania,106.209,177.95880000000002,60.8004,187.08939999999998,211.4651,141.8555
Basic chemicals,1.783,6.628399999999999,Pennsylvania,0.00030000000000000003,2.6542999999999997,0.00030000000000000003,3.6064000000000007,1.9291,7.1831
Cereal grains,,0.6205,Pennsylvania,,0.4494,,3.2347,,0.8847999999999999
Chemical prods.,450.94909999999993,26.6469,Pennsylvania,47.553399999999996,2.2371,155.512,1.5206,454.413,26.851599999999998
Electronics,576.9150000000001,624.1908999999999,Pennsylvania,1.5202,2.4444,2.9821999999999997,4.1708,579.7662,627.2777
Furniture,85.4913,1.4661,Pennsylvania,7.981,0.0201,9.5616,0.0299,83.6594,1.4348
Machinery,189.3472,175.01369999999997,Pennsylvania,6.819300000000001,11.178099999999999,5.699199999999999,10.6618,184.8046,170.80639999999997
Meat/seafood,145.7986,12.095399999999998,Pennsylvania,17.9228,0.1028,30.631399999999996,0.3968999999999999,133.74,11.119399999999999
Milled grain prods.,,142.8953,Pennsylvania,,30.7722,,58.4398,,140.852
Misc. mfg. prods.,74.3794,51.0187,Pennsylvania,2.2138999999999998,0.4505,2.1862,0.6313,73.1416,50.1676
Nonmetal min. prods.,,3.7531,Pennsylvania,,0.1301,,0.2556,,3.5374
Nonmetallic minerals,141.4578,165.7732,Pennsylvania,170.9779,179.7484,14130.3995,14162.8012,132.8459,155.736
Other ag prods.,163.3871,41.6246,Pennsylvania,12.0619,4.0883,125.0851,6.3585,162.6424,41.5315
Other foodstuffs,,39.5664,Pennsylvania,,26.6685,,12.690000000000001,,38.3738
Paper articles,,0.9678,Pennsylvania,,1.5134,,0.4999,,0.9415
Pharmaceuticals,44.2842,0.07700000000000001,Pennsylvania,0.339,0.2878,0.4156,0.1343,39.3936,0.0683
Plastics/rubber,4.7759,17.1366,Pennsylvania,0.04719999999999999,0.9886,0.3788,3.42,4.707800000000001,16.8997
Precision instruments,125.2305,26.026199999999996,Pennsylvania,1.8098,0.44799999999999995,0.3777,0.4793,122.852,25.529799999999998
Printed prods.,175.6046,0.6054,Pennsylvania,99.5011,0.033766000000000004,125.60849999999999,0.076261,174.803,0.276878
Tobacco prods.,4.6269,3.8945999999999996,Pennsylvania,0.0009,0.4871,0.00030000000000000003,0.4084,4.2482,3.5725
Wood prods.,1.3429,54.9327,Pennsylvania,0.1758,7.4605,0.2551,5.9826,1.2292,50.267799999999994
Furniture,3.6176999999999992,0.6234999999999999,Rhode Island,0.6326,0.00030000000000000003,0.7050000000000001,0.00030000000000000003,3.5420000000000003,0.61
Machinery,,1.17,Rhode Island,,0.503,,0.344,,1.1415000000000002
Motorized vehicles,0.5216,34.154700000000005,Rhode Island,0.0787,0.5199,0.0288,1.4137,0.509,33.3514
Pharmaceuticals,,3.2737,Rhode Island,,1.1686999999999999,,0.7757000000000001,,2.9094999999999995
Precision instruments,,2.949,Rhode Island,,0.5143,,0.5639000000000001,,2.893
Wood prods.,,8.037099999999999,Rhode Island,,4.3439,,3.6327000000000003,,7.3551
Articles-base metal,8.011700000000001,232.3277,South Carolina,1.0177,85.77080000000001,0.8012,92.5843,8.0032,232.08859999999999
Base metals,547.3466,5.0518,South Carolina,633.8175,0.8613999999999999,780.3052,0.8773,593.3275,5.468
Basic chemicals,,491.73,South Carolina,,329.56449999999995,,449.5923000000001,,535.2537000000001
Chemical prods.,,0.9967000000000001,South Carolina,,0.0009,,0.00030000000000000003,,1.0044
Electronics,98.12889999999999,4.4596,South Carolina,4.4119,0.0494,10.1651,0.1893,98.62610000000001,4.4814
Furniture,2.4722,12.4591,South Carolina,0.4778,1.6661,0.5981000000000001,3.6408,2.4201,12.194099999999999
Machinery,0.6231,2.4172000000000002,South Carolina,0.0006000000000000001,0.0004,0.00030000000000000003,0.00030000000000000003,0.608,2.3593
Metallic ores,,53.4584,South Carolina,,2.5228,,3.3178,,63.354200000000006
Misc. mfg. prods.,63.9357,24.875400000000003,South Carolina,31.633599999999998,1.5999,40.50780000000001,1.7294,62.875600000000006,24.462199999999996
Mixed freight,,0.7005,South Carolina,,0.2338,,0.2648,,0.6820999999999999
Motorized vehicles,14.358999999999998,18.0798,South Carolina,0.47440000000000004,3.9615,0.6145,10.007000000000001,14.0165,17.6453
Natural sands,,0.05790000000000001,South Carolina,,0.9977,,3.8686999999999996,,0.054
Nonmetallic minerals,,6.8214999999999995,South Carolina,,15.756899999999998,,12.6872,,6.3991
Other foodstuffs,3.9424,3.9424,South Carolina,0.0294,0.0294,0.13879999999999998,0.13879999999999998,3.8226,3.8226
Pharmaceuticals,,99.60329999999999,South Carolina,,0.0,,0.00030000000000000003,,88.6942
Precision instruments,70.5345,16.4116,South Carolina,13.7905,0.5243,23.216700000000003,0.40859999999999996,69.188,16.0953
Printed prods.,10.0664,0.7885,South Carolina,1.1452,0.061399999999999996,1.0848,0.16899999999999998,10.019700000000002,0.7848999999999999
Electronics,,63.714400000000005,South Dakota,,2.2500999999999998,,3.1275,,64.0344
Furniture,,32.1855,South Dakota,,5.2621,,6.802599999999999,,31.5129
Machinery,,39.1568,South Dakota,,0.6595,,0.4492999999999999,,38.2248
Misc. mfg. prods.,3.087,2.7452,South Dakota,1.0386,0.20800000000000002,0.6877,0.2173,3.0347999999999997,2.6997999999999998
Mixed freight,,0.3407,South Dakota,,0.19369999999999998,,0.1287,,0.3317
Precision instruments,,3.5381,South Dakota,,0.0946,,0.09059999999999999,,3.4703999999999997
Alcoholic beverages,,12.9245,Tennessee,,3.3991,,3.2225,,12.61
Articles-base metal,0.9929,14.119,Tennessee,0.6422,0.2671,0.9162,0.5954,0.992,14.1046
Basic chemicals,1.6228,15.6528,Tennessee,0.5155,198.12740000000002,0.6687000000000001,129.2695,1.7570000000000001,17.0886
Chemical prods.,,10.799900000000001,Tennessee,,1.9594999999999998,,4.7265999999999995,,10.8832
Coal-n.e.c.,848.7407000000001,848.7407000000001,Tennessee,67.8532,67.8532,1018.0012,1018.0012,850.3552999999999,850.3552999999999
Electronics,0.6419,3.9917000000000002,Tennessee,0.1887,0.8302,0.2555,0.388,0.6452,4.0119
Furniture,10.561799999999998,10.3965,Tennessee,0.6738999999999999,0.8333,1.2651,1.2045,10.343,10.1722
Machinery,,1.1168,Tennessee,,0.060899999999999996,,0.0626,,1.0897000000000001
Meat/seafood,1.4259,3.6577,Tennessee,0.5215,1.1136,1.4344000000000001,2.8064,1.3075999999999999,3.3579
Misc. mfg. prods.,171.4962,78.7135,Tennessee,1.2975,6.9468,2.0279000000000003,4.8658,168.64370000000002,77.39329999999998
Mixed freight,1.0836,2.8269,Tennessee,1.3075999999999999,0.12530000000000002,0.7583,0.2365,1.0551,2.7523
Motorized vehicles,14.923300000000001,2.3411000000000004,Tennessee,1.047,0.0276,1.5444999999999998,0.0548,14.573,2.2863999999999995
Other ag prods.,,18.2096,Tennessee,,6.088800000000001,,7.366099999999999,,18.1246
Pharmaceuticals,315.71759999999995,26.483999999999998,Tennessee,3.3577,0.6498999999999999,2.7754999999999996,0.7918000000000001,280.65990000000005,23.597299999999997
Plastics/rubber,21.153100000000002,12.6614,Tennessee,2.2490000000000006,0.8578000000000001,3.5668000000000006,1.6566,20.8553,12.486400000000001
Precision instruments,31.6963,14.8954,Tennessee,0.5187,0.1851,0.2071,0.2851,31.0893,14.6114
Printed prods.,51.286100000000005,2.8855000000000004,Tennessee,3.0495,0.6397999999999999,5.0287,0.8848,51.0506,2.8723
Textiles/leather,8.4606,16.0714,Tennessee,0.8892,0.1636,0.4803,0.5109,8.289200000000001,15.7401
Transport equip.,,0.20929999999999999,Tennessee,,0.0049,,0.0195,,0.20229999999999998
Waste/scrap,,4.7092,Tennessee,,6.5969,,17.1828,,5.3957
Articles-base metal,28.905299999999997,154.377,Texas,1.7996,15.437699999999998,1.4562,10.291199999999998,28.8736,154.2243
Base metals,17.6925,313.9082,Texas,1120.4267,220.1664,447.72090000000003,276.0172,19.1683,339.39230000000003
Basic chemicals,18.6096,117.3188,Texas,28.5706,17.9671,31.5402,22.866,20.2601,127.22760000000001
Cereal grains,,12.8536,Texas,,100.101,,67.24000000000001,,18.307299999999998
Chemical prods.,13.465900000000001,11.4799,Texas,5.3311,7.894100000000001,2.6801,17.2618,13.5708,11.5669
Coal-n.e.c.,14.5223,74.37509999999999,Texas,11.20889,190.6715,10.53836,104.4939,14.646959999999998,74.74510000000001
Crude petroleum,1.5424,1.9484,Texas,0.2328,1.169,2.9985999999999997,3.7422999999999997,1.9172,2.4154999999999998
Electronics,175.1477,88.38879999999997,Texas,2.9967,8.4661,2.8961,6.6352,176.0214,88.8268
Furniture,9.2563,42.989,Texas,0.3876,4.7967,0.35650000000000004,3.395,9.0528,42.0678
Live animals/fish,105.7652,105.7652,Texas,13.8785,13.8785,44.010799999999996,44.010799999999996,93.5149,93.5149
Logs,5.0891,5.0891,Texas,1.9442999999999997,1.9442999999999997,4.342499999999999,4.342499999999999,4.1203,4.1203
Machinery,1678.6368,2411.7287,Texas,30.9996,82.2633,147.17770000000002,201.77370000000002,1638.2303000000002,2353.737
Meat/seafood,,417.5735,Texas,,21.2148,,76.77929999999999,,383.89699999999993
Milled grain prods.,,33.7045,Texas,,20.290100000000002,,15.5946,,33.2217
Misc. mfg. prods.,79.382,108.5254,Texas,2.7866999999999997,4.1245,3.3749,3.8797000000000006,78.0541,106.7226
Mixed freight,3.4419,130.07850000000002,Texas,0.4754,47.4497,0.7609,50.8929,3.3514,126.62650000000001
Motorized vehicles,139.9693,643.6481,Texas,15.5538,51.133100000000006,24.001799999999996,87.1049,136.72050000000002,628.4794
Natural sands,15.114600000000001,15.114600000000001,Texas,30.8136,30.8136,2067.6634,2067.6634,14.128699999999998,14.128699999999998
Newsprint/paper,305.9185,323.568,Texas,3.9466,46.1721,169.608,195.7414,292.85659999999996,309.75249999999994
Nonmetallic minerals,159.6155,152.794,Texas,41.6627,25.9058,116.55720000000001,103.87,149.6613,143.2622
Other ag prods.,121.2587,148.3282,Texas,20.1894,121.15899999999999,63.86750000000001,120.8404,120.7612,147.7108
Other foodstuffs,0.00030000000000000003,313.93649999999997,Texas,0.456,692.2524,0.22219999999999998,566.3966,0.00030000000000000003,304.3819
Paper articles,539.5452,546.0223,Texas,95.24350000000001,96.9676,247.24030000000002,248.2895,525.0709,531.3739
Pharmaceuticals,15.637999999999998,55.884600000000006,Texas,2.7161,3.9454000000000002,1.3064,2.4317,13.9099,49.9235
Plastics/rubber,245.83150000000003,250.75070000000002,Texas,8.0077,29.5796,16.7057,34.035599999999995,242.54349999999997,247.38959999999997
Precision instruments,17.7927,154.92630000000003,Texas,0.4499,1.7249,0.4258,1.3359,17.449900000000003,151.9749
Printed prods.,,39.660599999999995,Texas,,4.2651,,2.9194999999999998,,39.4796
Tobacco prods.,523.2729,523.2729,Texas,7.6219,7.6219,27.2532,27.2532,480.64750000000004,480.64750000000004
Transport equip.,3.2241000000000004,0.6462000000000001,Texas,0.2192,0.3967,0.1486,0.2625,3.1196,0.6241
Wood prods.,,2.2016,Texas,,0.1835,,0.1645,,2.0153
Base metals,1.2837,39.4379,Utah,0.7943,0.5553,1.0137,0.9867999999999999,1.3902999999999999,42.666199999999996
Basic chemicals,,2.6031999999999997,Utah,,1.3116,,0.7973000000000001,,2.8198
Electronics,492.9261,45.271,Utah,2.6904,0.6979,2.5569,0.6908,495.3603,45.493500000000004
Gravel,,5.8596,Utah,,38.2768,,164.3931,,5.5386
Misc. mfg. prods.,,17.714199999999998,Utah,,0.7964,,0.5272,,17.4228
Other foodstuffs,,1907.6338,Utah,,759.6151,,984.2125000000001,,1849.8451
Plastics/rubber,1.1288,26.657899999999998,Utah,0.6123,12.0679,0.45230000000000004,5.979900000000001,1.1134,26.290699999999998
Precision instruments,0.9454,1.1129,Utah,0.00030000000000000003,0.4122,0.00030000000000000003,0.3149,0.9273,1.0914000000000001
Printed prods.,6.663399999999999,20.6241,Utah,0.3015,3.1902999999999997,0.3702,2.0738,6.6324000000000005,20.5309
Textiles/leather,1.9002,8.4606,Utah,0.22099999999999997,0.8892,0.09449999999999999,0.4803,1.8616,8.289200000000001
Articles-base metal,,20.8358,Vermont,,0.5298,,0.2879,,20.8127
Basic chemicals,,12.6401,Vermont,,1.2737,,2.5861,,13.7283
Live animals/fish,,3.3068999999999997,Vermont,,0.1404,,1.0431,,2.9207
Misc. mfg. prods.,,114.64760000000001,Vermont,,6.37,,12.0886,,112.7417
Motorized vehicles,,0.07339999999999999,Vermont,,0.0171,,0.0131,,0.0717
Printed prods.,19.3707,26.756899999999998,Vermont,0.0097,0.33259999999999995,0.1262,0.7878999999999999,19.2821,26.6344
Textiles/leather,0.8728,3.5041,Vermont,0.46240000000000003,1.46,0.3759,0.4766,0.855,3.4320999999999997
Alcoholic beverages,,16.4991,Virginia,,20.5376,,12.050699999999999,,16.102800000000002
Basic chemicals,0.7512,1.3800999999999999,Virginia,0.0,7.321699999999999,0.00030000000000000003,27.8746,0.8197,1.5034999999999998
Chemical prods.,0.5312999999999999,31.970399999999998,Virginia,0.7263000000000001,26.0681,0.2335,16.247999999999998,0.5352999999999999,32.2152
Electronics,110.04769999999999,333.2638,Virginia,3.0562,21.0456,1.6643000000000001,22.0887,110.59290000000001,334.9538
Furniture,11.302,66.3488,Virginia,2.1837,13.1646,2.8891999999999998,18.5094,11.064,64.9062
Machinery,14.0963,12.4952,Virginia,0.8791,0.48800000000000004,2.2563,0.9314,13.757599999999998,12.1922
Milled grain prods.,,14.2356,Virginia,,6.2458,,8.6775,,14.030899999999999
Misc. mfg. prods.,55.23250000000001,42.25470000000001,Virginia,0.8031,2.2189,1.1359,3.0762,54.311099999999996,41.548
Motorized vehicles,564.1763,1.5562,Virginia,39.1369,0.20129999999999998,13.327799999999998,0.2776,551.2404000000001,1.5196
Other foodstuffs,,380.1375,Virginia,,108.9408,,361.4747,,368.6797
Pharmaceuticals,,2.0574000000000003,Virginia,,0.0009,,0.00030000000000000003,,1.8328000000000002
Plastics/rubber,4.6198999999999995,3.8876000000000004,Virginia,0.5307,1.5602,0.6824,3.2506000000000004,4.5534,3.8369000000000004
Precision instruments,154.6139,6.0784,Virginia,2.2882,0.1585,3.1782980000000003,0.2813,151.6198,5.9616999999999996
Printed prods.,1.6986,51.286100000000005,Virginia,1.272766,3.0495,0.707361,5.0287,1.365078,51.0506
Textiles/leather,26.1556,125.514,Virginia,0.1951,3.5750000000000006,0.28559999999999997,7.9678,25.6244,122.9483
Waste/scrap,,0.0,Virginia,,2.2110000000000003,,5.555,,0.0
Wood prods.,0.2277,0.092,Virginia,0.6139000000000001,0.00030000000000000003,2.896,0.00030000000000000003,0.2084,0.0843
Articles-base metal,13.2796,13.7557,Washington,0.787,9.6212,0.3452,4.5501000000000005,13.2657,13.7414
Base metals,48.9393,32.4908,Washington,15.541200000000002,1122.0492000000002,5.749500000000001,449.25970000000007,52.98490000000001,35.146
Chemical prods.,0.6373,2.467,Washington,1.1329,1.1183,0.5142,0.3518,0.6421,2.4856000000000003
Electronics,,42.9142,Washington,,1.4479,,0.4604,,43.1242
Furniture,7.398499999999999,5.0707,Washington,2.2096999999999998,2.0416,1.2617,0.8371,7.2428,4.9628
Machinery,1.4321,0.6231,Washington,0.5768000000000001,0.0006000000000000001,0.40640000000000004,0.00030000000000000003,1.398,0.608
Misc. mfg. prods.,42.058099999999996,0.0885,Washington,16.704500000000003,0.039599999999999996,7.1988,0.0188,41.350899999999996,0.0871
Mixed freight,,255.89480000000003,Washington,,46.749700000000004,,19.3217,,249.1509
Motorized vehicles,0.046200000000000005,564.3313999999999,Washington,0.017,39.2163,0.0083,13.3555,0.0451,551.3920000000002
Newsprint/paper,,0.7949999999999999,Washington,,1.1633,,0.6507999999999999,,0.7609999999999999
Other ag prods.,,299.6277,Washington,,1007.3251,,748.7192,,298.5431
Other foodstuffs,123.96659999999999,120.72149999999999,Washington,2.0591,0.4485,2.4394,1.6226000000000003,120.1909,117.0447
Pharmaceuticals,3.0484,0.8405,Washington,0.835,0.34409999999999996,0.5567000000000001,0.2026,2.7188,0.7495
Plastics/rubber,21.6726,6.0389,Washington,6.841,1.202,2.8781,0.49319999999999997,21.379099999999998,5.9549
Printed prods.,,5.2454,Washington,,8.208499999999999,,25.1796,,5.221500000000001
Textiles/leather,3.5041,24.0294,Washington,1.46,0.9288,0.4766,0.903,3.4320999999999997,23.538400000000003
Waste/scrap,,9.7577,Washington,,38.3551,,104.1556,,11.257100000000001
Articles-base metal,,3.9576000000000002,West Virginia,,0.1225,,0.4076,,3.9533
Electronics,17.703400000000002,0.3569,West Virginia,0.2133,0.0136,0.6087,0.026000000000000002,17.7918,0.3588
Machinery,0.1296,15.990000000000002,West Virginia,1.2433,0.4931,0.44190000000000007,1.3227,0.12660000000000002,15.606300000000001
Misc. mfg. prods.,,2.6254,West Virginia,,0.00030000000000000003,,0.00030000000000000003,,2.5811
Newsprint/paper,,0.4259,West Virginia,,0.0894,,0.4382,,0.40759999999999996
Paper articles,,6.3568999999999996,West Virginia,,0.0,,0.00030000000000000003,,6.1852
Textiles/leather,124.21249999999999,0.9235,West Virginia,3.7018000000000004,0.2238,7.8547,0.2534,121.6776,0.9045000000000001
Articles-base metal,17.341600000000003,57.629000000000005,Wisconsin,2.6875000000000004,1.1886,2.8886000000000003,1.0430000000000001,17.322400000000002,57.5706
Base metals,28.6606,14.169500000000001,Wisconsin,25.664,0.8063,12.146799999999999,1.169,31.022499999999997,15.3461
Basic chemicals,,3.5696000000000003,Wisconsin,,3.2423,,10.8468,,3.8837
Electronics,61.5609,2.9417999999999997,Wisconsin,0.4996,0.13390000000000002,0.5939,0.3539,61.8651,2.9565
Machinery,7.6004,6.3611,Wisconsin,0.00030000000000000003,0.13440000000000002,0.00030000000000000003,0.3098,7.4186,6.206199999999999
Milled grain prods.,,20.417299999999997,Wisconsin,,7.4954,,14.114099999999999,,20.1207
Misc. mfg. prods.,1.17,5.9639,Wisconsin,0.22549999999999998,0.16310000000000002,0.2474,0.308,1.1505,5.8643
Motorized vehicles,210.6502,1.7168,Wisconsin,28.759099999999997,0.4725,39.5467,0.32299999999999995,205.65970000000002,1.6761000000000001
Newsprint/paper,,7.4923,Wisconsin,,5.8757,,11.681000000000001,,7.1724
Other foodstuffs,141.6895,3.2451,Wisconsin,47.914,1.6106,51.079800000000006,0.8168,137.4455,3.1462000000000003
Plastics/rubber,19.7335,258.6161,Wisconsin,1.0493,238.4962,1.1197,194.8525,19.4632,255.17159999999996
Printed prods.,12.7207,2.7995,Wisconsin,0.6448000000000002,0.2674,0.9032,0.6303,12.6618,2.7868
Textiles/leather,452.57109999999994,74.98570000000001,Wisconsin,9.36,0.8815,8.5347,1.8246,443.3011,73.4473
Transport equip.,,1.0446,Wisconsin,,0.48819999999999997,,0.2379,,1.0093999999999999
Waste/scrap,,1.9158000000000002,Wisconsin,,1.988,,4.8098,,2.2073
Wood prods.,10.6252,19.3119,Wisconsin,5.2023,2.4676,4.113200000000001,2.9305,9.7219,17.6669
Basic chemicals,220.04539999999997,38.8715,Wyoming,2084.0085,20.5901,1433.2223,9.858600000000001,239.74939999999998,42.1438
Furniture,1.3318,8.0514,Wyoming,0.4707,0.19430000000000003,0.3219,0.2796,1.3028,7.882099999999999
Misc. mfg. prods.,,2.0218,Wyoming,,0.8692,,0.5703,,1.9884000000000002
Mixed freight,0.3166,1.5050999999999999,Wyoming,0.23129999999999998,1.115,0.11960000000000001,0.5688,0.30820000000000003,1.4652999999999998
Pharmaceuticals,,2.42,Wyoming,,0.0021,,0.0024000000000000002,,2.1555
Precision instruments,,4.5643,Wyoming,,0.0009,,0.00030000000000000003,,4.4771
Textiles/leather,,1.5834,Wyoming,,0.4994,,0.45649999999999996,,1.5509000000000002
all,1507.4054999999998,1408.5688000000002,Alabama,310.9649,329.6795000000001,3314.1924999999997,3343.7934999999998,1495.1556,1407.4295999999997
all,0.0,21.4627,Alaska,0.0,22.809099999999997,0.0,8.7211,0.0,21.153
all,112.0646,367.0609,Arizona,3.2581999999999995,108.8647,2.2005999999999997,183.2535,109.8971,388.0885
all,10975.8447,8987.546099999998,California,3888.2500999999997,1038.4049,4164.456300000001,2335.5222000000003,11050.4663,9108.147200000001
all,451.5854,211.94670000000002,Colorado,44.18920000000001,72.0865,54.112199999999994,91.32699999999998,423.17190000000005,206.3962
all,232.25090000000006,1289.5090999999998,Connecticut,23.1954,685.4795,27.3274,1500.9679,229.4297,1315.4842999999998
all,5.6002,239.10010000000005,Delaware,0.6849000000000001,25.4744,1.7731000000000001,265.8112,5.3853,229.57389999999998
all,0.21959999999999996,106.4485,District of Columbia,0.045399999999999996,2.492,0.0445,34.0333,0.21559999999999999,104.9083
all,5502.6586,5751.4229000000005,Florida,256.989,394.0406999999999,2322.9444000000003,2398.053699999999,5307.1491000000005,5542.7119999999995
all,734.3738000000001,1443.1400999999998,Georgia,150.56439999999998,632.5574,210.403,862.1889000000001,715.9765,1453.4672000000007
all,2.8618,202.5953,Hawaii,0.7416,12.661800000000001,0.5589999999999999,4.1006,2.7889,198.005
all,837.3521000000001,857.1698000000002,Idaho,34.2564,362.9458,340.2558,623.392,835.2255,854.3426000000001
all,1260.3488,2878.3776,Illinois,184.1814,2642.8232765440002,263.5715,1796.36343236,1248.0352,2130.3533945500003
all,2056.2362,1014.1789999999999,Indiana,328.210476544,155.59410000000003,927.1477323600001,492.53449999999987,1348.08139455,1030.0739999999996
all,19.7819,269.64180000000005,Iowa,1.9554999999999998,226.30470000000003,1.8548,259.459,19.4791,275.1247
all,617.9906,1245.1293,Kansas,68.74449999999999,257.76800000000003,81.0424,1248.4638,613.6511,1237.5178
all,294.63419999999996,1475.0670999999998,Kentucky,20.612099999999998,789.8519999999999,57.2426,721.5626000000001,291.49969999999996,1520.9701
all,5060.450000000001,5392.121799999999,Louisiana,721.1336999999999,250.71989999999997,1242.3028,718.8140000000001,5148.626,5413.8047
all,32.5974,34.6419,Maine,1.6480000000000001,13.775199999999998,1.1324999999999998,29.4107,32.2599,34.4386
all,1469.3148,1270.2225999999998,Maryland,162.5664,324.0311529999999,428.15999999999997,644.3099139999999,1454.1712,1248.2750600000002
all,953.0104,92.3441,Massachusetts,93.63099999999999,6.0694,777.4857,6.962199999999999,924.618,90.41760000000001
all,2597.379,3664.8573,Michigan,474.3687000000001,1115.5177899999999,996.8898000000002,2577.96196,2554.7854,3618.8068599999997
all,1351.4603999999997,2238.2127,Minnesota,40.868,159.68880000000001,52.432800000000015,291.11359999999996,1346.4222,2245.2679999999996
all,629.4590000000001,422.4357,Mississippi,49.939800000000005,181.01779999999997,86.5649,233.60060000000001,614.7644,413.0773
all,928.5481,1318.272,Missouri,203.0401,129.9164,457.6055,339.54960000000005,921.0916,1303.144
all,6.1041,11.0406,Montana,0.052700000000000004,1.8840999999999997,0.10770000000000002,1.0294999999999999,5.9855,10.8232
all,2256.4881,2768.9945000000002,Nebraska,83.261,326.6537,4193.4378,4736.0534,2245.5721999999996,2761.3560999999995
all,493.70500000000004,1771.3895,Nevada,118.52319999999999,359.17359999999996,393.91589999999997,536.4878,490.7836999999999,1744.2287999999999
all,37.206199999999995,1043.6437999999998,New Hampshire,6.2622,11.538499999999997,44.818400000000004,90.94390000000001,35.8807,1014.6239999999999
all,834.5826,2147.7050999999997,New Jersey,325.46700000000004,587.3768,379.09069999999997,835.1454980000001,812.5537000000002,2056.1131
all,383.1424,94.4696,New Mexico,20.1886,29.220399999999998,73.6244,23.9706,352.21029999999996,89.13250000000001
all,2160.8674,2363.6263999999996,New York,258.16505300000006,284.04458795,1211.210714,1196.1185592699997,2147.0650600000004,2301.4215584599997
all,2705.2122999999997,3149.0828,North Carolina,528.2475000000002,322.0213,1281.9314999999997,1134.8483,2690.3579,3098.3227000000006
all,19.1164,30.971200000000003,North Dakota,2.1898,1.5817999999999997,2.0024,1.1482,18.751900000000003,30.3758
all,4225.363799999999,2325.2616000000003,Ohio,503.9058,1866.4616999999996,1318.0484,1592.0107999999996,4187.724099999999,2318.6366
all,195.76139999999998,380.3787000000001,Oklahoma,43.2861,74.0565,48.4133,79.53649999999998,190.9579,369.9808
all,52.5433,194.4669,Oregon,59.7292,73.09460000000001,42.679300000000005,35.3735,51.0654,191.35439999999997
all,2603.0604000000008,2507.0822999999996,Pennsylvania,520.1555999999999,617.9332660000001,14730.6639,14830.424261000002,2586.2741,2492.674878
all,4.1392999999999995,50.208,Rhode Island,0.7113,7.0501,0.7338000000000001,6.7303,4.051,48.2605
all,819.4205000000002,974.1814000000002,South Carolina,686.7985999999999,443.6011999999999,857.4325,579.4762000000002,862.9072999999999,1014.8434000000001
all,3.087,141.6807,South Dakota,1.0386,8.668,0.6877,10.815999999999999,3.0347999999999997,140.27400000000006
all,1479.8028,1101.4069000000002,Tennessee,84.11119999999998,296.7308,1038.9302,1194.1314,1441.6162000000002,1099.1354999999996
all,4238.6383000000005,7200.8583,Texas,1447.9188900000008,1869.9555,3434.85386,4367.5252,4097.652060000001,7011.757499999999
all,504.84760000000006,2075.3752,Utah,4.619800000000001,817.8127,4.4879,1160.4566,507.28530000000006,2019.9882
all,20.2435,181.7648,Vermont,0.4721,10.1236,0.5021,17.283300000000004,20.1371,180.34159999999997
all,943.4530000000002,1089.0569,Virginia,51.685966,216.78780000000006,29.256959,493.2928,925.6920780000002,1073.3665
all,265.9828,1384.6923000000002,Washington,48.16420000000001,2280.259800000001,21.8349,1370.0819999999999,264.6504,1363.7682
all,142.0455,30.636200000000002,West Virginia,5.1584,0.9427,8.9053,2.4485,139.596,29.9968
all,964.3236999999999,482.18,Wisconsin,122.0064,265.7117,121.1743,246.251,947.0323000000001,476.23209999999995
all,221.69379999999995,59.0175,Wyoming,2084.7104999999997,23.270999999999997,1433.6637999999998,11.7365,241.36039999999997,61.66309999999999
